-- MySQL dump 10.13  Distrib 5.7.17, for Win64 (x86_64)
--
-- Host: localhost    Database: tests
-- ------------------------------------------------------
-- Server version	5.7.17

/*!40101 SET @OLD_CHARACTER_SET_CLIENT=@@CHARACTER_SET_CLIENT */;
/*!40101 SET @OLD_CHARACTER_SET_RESULTS=@@CHARACTER_SET_RESULTS */;
/*!40101 SET @OLD_COLLATION_CONNECTION=@@COLLATION_CONNECTION */;
/*!40101 SET NAMES utf8 */;
/*!40103 SET @OLD_TIME_ZONE=@@TIME_ZONE */;
/*!40103 SET TIME_ZONE='+00:00' */;
/*!40014 SET @OLD_UNIQUE_CHECKS=@@UNIQUE_CHECKS, UNIQUE_CHECKS=0 */;
/*!40014 SET @OLD_FOREIGN_KEY_CHECKS=@@FOREIGN_KEY_CHECKS, FOREIGN_KEY_CHECKS=0 */;
/*!40101 SET @OLD_SQL_MODE=@@SQL_MODE, SQL_MODE='NO_AUTO_VALUE_ON_ZERO' */;
/*!40111 SET @OLD_SQL_NOTES=@@SQL_NOTES, SQL_NOTES=0 */;

--
-- Table structure for table `readingsOldCNN`
--

DROP TABLE IF EXISTS `readingsOldCNN`;
/*!40101 SET @saved_cs_client     = @@character_set_client */;
/*!40101 SET character_set_client = utf8 */;
CREATE TABLE `readingsOldCNN` (
  `doc_id` int(11) NOT NULL DEFAULT '0',
  `candidates` int(11) NOT NULL DEFAULT '0',
  `dimensions` int(11) NOT NULL DEFAULT '0',
  `samples` int(11) NOT NULL DEFAULT '0',
  `iterations` int(11) NOT NULL DEFAULT '0',
  `dropout` decimal(1,1) NOT NULL DEFAULT '0.0',
  `train_acc` decimal(11,10) DEFAULT NULL,
  `val_acc` decimal(11,10) DEFAULT NULL,
  `test_acc` decimal(11,10) DEFAULT NULL,
  `test_bin` decimal(2,1) DEFAULT NULL,
  `test` varchar(45) NOT NULL DEFAULT 'error',
  PRIMARY KEY (`doc_id`,`candidates`,`dimensions`,`samples`,`iterations`,`dropout`,`test`)
) ENGINE=InnoDB DEFAULT CHARSET=latin1;
/*!40101 SET character_set_client = @saved_cs_client */;

--
-- Dumping data for table `readingsOldCNN`
--

LOCK TABLES `readingsOldCNN` WRITE;
/*!40000 ALTER TABLE `readingsOldCNN` DISABLE KEYS */;
INSERT INTO `readingsOldCNN` VALUES (85,3,200,1726,30,0.5,0.9997585707,0.9594594597,0.0012788300,0.0,'batch10'),(160,2,200,3099,30,0.5,0.9997983058,0.9701612903,0.0388728000,0.0,'batch10'),(168,3,200,867,30,0.5,1.0000000000,0.9404990403,0.9991740000,1.0,'batch10'),(213,2,200,2536,30,0.5,1.0000000000,0.9339901480,0.7595200000,1.0,'batch10'),(227,3,200,3200,30,0.5,0.9997395833,0.8927083333,0.7711090000,1.0,'batch10'),(297,2,200,2536,30,0.5,1.0000000000,0.9674876847,0.7557030000,1.0,'batch10'),(479,2,200,2780,30,0.5,1.0000000000,0.9748201447,0.9999480000,1.0,'batch10'),(495,2,200,3200,30,0.5,1.0000000000,0.9953125000,0.9999510000,1.0,'batch10'),(496,2,200,3200,30,0.5,0.9998046875,0.9578125000,0.9990920000,1.0,'batch10'),(544,4,200,2154,30,0.5,0.9994196169,0.9205336432,0.0345869000,0.0,'batch10'),(759,3,200,2780,30,0.5,1.0000000000,0.9442446043,0.0049689900,0.0,'batch10'),(769,3,200,1603,30,0.5,1.0000000000,0.9106029106,0.1025710000,0.0,'batch10'),(970,2,200,1167,30,0.5,1.0000000000,0.9678800859,0.9188580000,1.0,'batch10'),(987,2,200,2001,30,0.5,0.9990627929,0.9887640449,0.9772950000,1.0,'batch10'),(1007,4,200,1603,30,0.5,0.9998050302,0.8752922837,0.6849310000,1.0,'batch10'),(1095,2,200,842,30,0.5,1.0000000000,0.8991097955,0.8113590000,1.0,'batch10'),(1121,2,200,3200,30,0.5,1.0000000000,0.9960937500,0.8047330000,1.0,'batch10'),(1223,4,200,458,30,0.5,1.0000000000,0.7493188039,0.3563130000,1.0,'batch10'),(1444,2,200,2536,30,0.5,1.0000000000,0.9339901480,0.6940440000,1.0,'batch10'),(1476,2,200,2634,30,0.5,0.9997626958,0.9857685019,0.9788160000,1.0,'batch10'),(1527,3,200,1639,30,0.5,1.0000000000,0.9298780488,0.4688960000,1.0,'batch10'),(1727,4,200,2016,30,0.5,0.9996899705,0.9045257290,0.0022195300,0.0,'batch10'),(1923,2,200,2536,30,0.5,1.0000000000,0.9359605914,0.5516550000,1.0,'batch10'),(1938,4,200,1726,30,0.5,0.9998189390,0.8964518465,0.0269691000,0.0,'batch10'),(2010,3,200,3166,30,0.5,0.9998683864,0.9347368422,0.3363460000,0.0,'batch10'),(2128,2,200,3200,30,0.5,1.0000000000,0.9781250000,0.0310987000,0.0,'batch10'),(2171,2,200,3200,30,0.5,1.0000000000,0.9609375000,0.9546060000,1.0,'batch10'),(2175,4,200,2536,30,0.5,0.9982747998,0.8166584529,0.5200780000,1.0,'batch10'),(2178,3,200,348,30,0.5,1.0000000000,0.8564593353,0.0848829000,0.0,'batch10'),(2183,3,200,3200,30,0.5,1.0000000000,0.9572916667,0.8014540000,1.0,'batch10'),(2259,4,200,2780,30,0.5,0.9996627698,0.9316546763,0.1672400000,0.0,'batch10'),(2318,2,200,1693,30,0.5,1.0000000000,0.9557522124,0.8867490000,1.0,'batch10');
/*!40000 ALTER TABLE `readingsOldCNN` ENABLE KEYS */;
UNLOCK TABLES;

--
-- Table structure for table `readingsOldCNNDiff`
--

DROP TABLE IF EXISTS `readingsOldCNNDiff`;
/*!40101 SET @saved_cs_client     = @@character_set_client */;
/*!40101 SET character_set_client = utf8 */;
CREATE TABLE `readingsOldCNNDiff` (
  `doc_id` int(11) NOT NULL DEFAULT '0',
  `candidates` int(11) NOT NULL DEFAULT '0',
  `dimensions` int(11) NOT NULL DEFAULT '0',
  `samples` int(11) NOT NULL DEFAULT '0',
  `iterations` int(11) NOT NULL DEFAULT '0',
  `dropout` decimal(1,1) NOT NULL DEFAULT '0.0',
  `train_acc` decimal(11,10) DEFAULT NULL,
  `val_acc` decimal(11,10) DEFAULT NULL,
  `test_acc` decimal(11,10) DEFAULT NULL,
  `test_bin` decimal(2,1) DEFAULT NULL,
  `test` varchar(45) NOT NULL DEFAULT 'error',
  PRIMARY KEY (`doc_id`,`candidates`,`dimensions`,`samples`,`iterations`,`dropout`,`test`)
) ENGINE=InnoDB DEFAULT CHARSET=latin1;
/*!40101 SET character_set_client = @saved_cs_client */;

--
-- Dumping data for table `readingsOldCNNDiff`
--

LOCK TABLES `readingsOldCNNDiff` WRITE;
/*!40000 ALTER TABLE `readingsOldCNNDiff` DISABLE KEYS */;
INSERT INTO `readingsOldCNNDiff` VALUES (85,3,200,1726,10,0.5,0.5453887011,0.5154440154,0.3342516084,0.0,'pretrained_feat_multi_nb'),(85,3,200,1726,10,0.5,0.8131337518,0.7413127413,0.1987032965,0.0,'pretrained_feat_oneVsSVC'),(85,3,200,1726,10,0.5,0.8085465958,0.7422779923,0.0741561118,0.0,'pretrained_feat_svc'),(160,2,200,3099,10,0.5,0.5175473981,0.5040322581,0.5048589015,1.0,'pretrained_feat_multi_nb'),(160,2,200,3099,10,0.5,0.7289229528,0.6620967742,0.7678469547,1.0,'pretrained_feat_oneVsSVC'),(160,2,200,3099,10,0.5,0.7365873336,0.6379032258,0.7890780778,1.0,'pretrained_feat_svc'),(168,3,200,867,10,0.5,0.5134615385,0.4644913628,0.3459580056,1.0,'pretrained_feat_multi_nb'),(168,3,200,867,10,0.5,0.7567307692,0.5623800384,0.6090464100,1.0,'pretrained_feat_oneVsSVC'),(168,3,200,867,10,0.5,0.7403846154,0.5796545106,0.6410729791,1.0,'pretrained_feat_svc'),(213,2,200,2536,10,0.5,0.5030810944,0.4876847291,0.5028927349,1.0,'pretrained_feat_multi_nb'),(213,2,200,2536,10,0.5,0.6926300222,0.6019704434,0.5297721146,1.0,'pretrained_feat_oneVsSVC'),(213,2,200,2536,10,0.5,0.6842494454,0.6108374384,0.5327164384,1.0,'pretrained_feat_svc'),(227,3,200,3200,10,0.5,0.4580729167,0.4473958333,0.3312329591,0.0,'pretrained_feat_multi_nb'),(227,3,200,3200,10,0.5,0.5811197917,0.5010416667,0.4899813427,1.0,'pretrained_feat_oneVsSVC'),(227,3,200,3200,10,0.5,0.5907552083,0.5333333333,0.4581667802,1.0,'pretrained_feat_svc'),(297,2,200,2536,10,0.5,0.5052994824,0.4886699507,0.5049897224,1.0,'pretrained_feat_multi_nb'),(297,2,200,2536,10,0.5,0.7779147153,0.7261083744,0.9010223346,1.0,'pretrained_feat_oneVsSVC'),(297,2,200,2536,10,0.5,0.7779147153,0.7261083744,0.9426623126,1.0,'pretrained_feat_svc'),(479,2,200,2780,10,0.5,0.7140287770,0.6906474820,0.5020204798,1.0,'pretrained_feat_multi_nb'),(479,2,200,2780,10,0.5,0.7585431655,0.6834532374,0.9304056775,1.0,'pretrained_feat_oneVsSVC'),(479,2,200,2780,10,0.5,0.7562949640,0.7023381295,0.9128690466,1.0,'pretrained_feat_svc'),(495,2,200,3200,10,0.5,0.5767578125,0.5531250000,0.4985634096,0.0,'pretrained_feat_multi_nb'),(495,2,200,3200,10,0.5,0.8125000000,0.7687500000,0.6288132364,1.0,'pretrained_feat_oneVsSVC'),(495,2,200,3200,10,0.5,0.8125000000,0.7687500000,0.6288132364,1.0,'pretrained_feat_svc'),(496,2,200,3200,10,0.5,0.5353515625,0.5242187500,0.4976345055,0.0,'pretrained_feat_multi_nb'),(496,2,200,3200,10,0.5,0.7173828125,0.6429687500,0.3133501763,0.0,'pretrained_feat_oneVsSVC'),(496,2,200,3200,10,0.5,0.7173828125,0.6429687500,0.3133501763,0.0,'pretrained_feat_svc'),(544,4,200,2153,10,0.5,0.3459137756,0.3238537435,0.2481428122,0.0,'pretrained_feat_multi_nb'),(544,4,200,2153,10,0.5,0.5842647699,0.4718514219,0.1316650480,0.0,'pretrained_feat_oneVsSVC'),(544,4,200,2153,10,0.5,0.6074902018,0.5118978526,0.0934918304,0.0,'pretrained_feat_svc'),(759,3,200,2780,10,0.5,0.4177158273,0.3896882494,0.3339469984,0.0,'pretrained_feat_multi_nb'),(759,3,200,2780,10,0.5,0.6492805755,0.5767386091,0.2230264733,0.0,'pretrained_feat_oneVsSVC'),(759,3,200,2780,10,0.5,0.6390887290,0.5719424460,0.1705644552,0.0,'pretrained_feat_svc'),(769,3,200,1601,10,0.5,0.4273815721,0.3746097815,0.3288861603,0.0,'pretrained_feat_multi_nb'),(769,3,200,1601,10,0.5,0.6618948464,0.5306971904,0.2116106699,0.0,'pretrained_feat_oneVsSVC'),(769,3,200,1601,10,0.5,0.6668401874,0.5036420395,0.2462244966,0.0,'pretrained_feat_svc'),(970,2,200,1162,10,0.5,0.5072619688,0.4709677419,0.5080538188,1.0,'pretrained_feat_multi_nb'),(970,2,200,1162,10,0.5,0.7988165680,0.6559139785,0.4657642850,0.0,'pretrained_feat_oneVsSVC'),(970,2,200,1162,10,0.5,0.7859064013,0.6881720430,0.4773876172,0.0,'pretrained_feat_svc'),(987,2,200,2001,10,0.5,0.6619806311,0.6529338327,0.4960652812,0.0,'pretrained_feat_multi_nb'),(987,2,200,2001,10,0.5,0.8306779132,0.7752808989,0.1309501380,0.0,'pretrained_feat_oneVsSVC'),(987,2,200,2001,10,0.5,0.8359887535,0.7690387016,0.1196957039,0.0,'pretrained_feat_svc'),(1007,4,200,1601,10,0.5,0.3453054851,0.3239656518,0.2501921226,0.0,'pretrained_feat_multi_nb'),(1007,4,200,1601,10,0.5,0.5943782940,0.4574551132,0.2173925723,0.0,'pretrained_feat_oneVsSVC'),(1007,4,200,1601,10,0.5,0.6051141909,0.4761904762,0.1657562617,0.0,'pretrained_feat_svc'),(1095,2,200,842,10,0.5,0.5077951002,0.4658753709,0.5094109662,1.0,'pretrained_feat_multi_nb'),(1095,2,200,842,10,0.5,0.8084632517,0.6854599407,0.7264421325,1.0,'pretrained_feat_oneVsSVC'),(1095,2,200,842,10,0.5,0.8062360802,0.6023738872,0.7590772633,1.0,'pretrained_feat_svc'),(1121,2,200,3200,10,0.5,0.5115234375,0.4992187500,0.4986257662,0.0,'pretrained_feat_multi_nb'),(1121,2,200,3200,10,0.5,0.7390625000,0.6804687500,0.6667914805,1.0,'pretrained_feat_oneVsSVC'),(1121,2,200,3200,10,0.5,0.7468750000,0.6773437500,0.6265374095,1.0,'pretrained_feat_svc'),(1223,4,200,458,10,0.5,0.2880546075,0.2479564033,0.2522891425,0.0,'pretrained_feat_multi_nb'),(1223,4,200,458,10,0.5,0.7242320819,0.3978201635,0.3735668378,1.0,'pretrained_feat_oneVsSVC'),(1223,4,200,458,10,0.5,0.6709897611,0.4305177112,0.5053854040,1.0,'pretrained_feat_svc'),(1444,2,200,2536,10,0.5,0.5030810944,0.4876847291,0.5031559573,1.0,'pretrained_feat_multi_nb'),(1444,2,200,2536,10,0.5,0.6896721716,0.5694581281,0.6513983935,1.0,'pretrained_feat_oneVsSVC'),(1444,2,200,2536,10,0.5,0.6909046093,0.6000000000,0.6301840718,1.0,'pretrained_feat_svc'),(1476,2,200,2633,10,0.5,0.5059354226,0.4924098672,0.5042306569,1.0,'pretrained_feat_multi_nb'),(1476,2,200,2633,10,0.5,0.7369420703,0.6394686907,0.7563839993,1.0,'pretrained_feat_oneVsSVC'),(1476,2,200,2633,10,0.5,0.7369420703,0.6394686907,0.7777695336,1.0,'pretrained_feat_svc'),(1527,3,200,1639,10,0.5,0.3498601576,0.3313008130,0.3283787651,0.0,'pretrained_feat_multi_nb'),(1527,3,200,1639,10,0.5,0.6900584795,0.5833333333,0.0670033280,0.0,'pretrained_feat_oneVsSVC'),(1527,3,200,1639,10,0.5,0.6923468091,0.5833333333,0.0448648936,0.0,'pretrained_feat_svc'),(1727,4,200,2016,10,0.5,0.3061540846,0.2808431494,0.2462117882,0.0,'pretrained_feat_multi_nb'),(1727,4,200,2016,10,0.5,0.5341807472,0.4525728456,0.0499273103,0.0,'pretrained_feat_oneVsSVC'),(1727,4,200,2016,10,0.5,0.5671988839,0.4538127712,0.0278962719,0.0,'pretrained_feat_svc'),(1923,2,200,2536,10,0.5,0.5030810944,0.4876847291,0.5032199417,1.0,'pretrained_feat_multi_nb'),(1923,2,200,2536,10,0.5,0.6960808479,0.5822660099,0.6994728540,1.0,'pretrained_feat_oneVsSVC'),(1923,2,200,2536,10,0.5,0.6960808479,0.5822660099,0.6994728540,1.0,'pretrained_feat_svc'),(1938,4,200,1726,10,0.5,0.3110628282,0.2896451846,0.2567889590,1.0,'pretrained_feat_multi_nb'),(1938,4,200,1726,10,0.5,0.5542277748,0.4634322954,0.5070689510,1.0,'pretrained_feat_oneVsSVC'),(1938,4,200,1726,10,0.5,0.5906210393,0.4764663287,0.6431484458,1.0,'pretrained_feat_svc'),(2010,3,200,3166,10,0.5,0.3876020005,0.3657894737,0.3330257670,0.0,'pretrained_feat_multi_nb'),(2010,3,200,3166,10,0.5,0.6635956831,0.5947368421,0.7353905853,1.0,'pretrained_feat_oneVsSVC'),(2010,3,200,3166,10,0.5,0.6683337720,0.6010526316,0.8750627629,1.0,'pretrained_feat_svc'),(2128,2,200,3200,10,0.5,0.5861328125,0.5703125000,0.4996909504,0.0,'pretrained_feat_multi_nb'),(2128,2,200,3200,10,0.5,0.7687500000,0.7281250000,0.1780785316,0.0,'pretrained_feat_oneVsSVC'),(2128,2,200,3200,10,0.5,0.7701171875,0.7304687500,0.1949172600,0.0,'pretrained_feat_svc'),(2171,2,200,3200,10,0.5,0.6583984375,0.6140625000,0.4950200271,0.0,'pretrained_feat_multi_nb'),(2171,2,200,3200,10,0.5,0.7939453125,0.7226562500,0.0750532241,0.0,'pretrained_feat_oneVsSVC'),(2171,2,200,3200,10,0.5,0.7939453125,0.7226562500,0.0452238002,0.0,'pretrained_feat_svc'),(2175,4,200,2536,10,0.5,0.3419593346,0.3109906358,0.2474445027,0.0,'pretrained_feat_multi_nb'),(2175,4,200,2536,10,0.5,0.4905730129,0.4194184327,0.3328099087,1.0,'pretrained_feat_oneVsSVC'),(2175,4,200,2536,10,0.5,0.5386321627,0.4342040414,0.2142501563,0.0,'pretrained_feat_svc'),(2178,3,200,348,10,0.5,0.3508982036,0.2631578947,0.3229751158,0.0,'pretrained_feat_multi_nb'),(2178,3,200,348,10,0.5,0.7928143713,0.5167464115,0.2282051146,0.0,'pretrained_feat_oneVsSVC'),(2178,3,200,348,10,0.5,0.7772455090,0.5645933014,0.0722929835,0.0,'pretrained_feat_svc'),(2183,3,200,3200,10,0.5,0.5596354167,0.5515625000,0.3368813769,1.0,'pretrained_feat_multi_nb'),(2183,3,200,3200,10,0.5,0.7381510417,0.7036458333,0.8038124527,1.0,'pretrained_feat_oneVsSVC'),(2183,3,200,3200,10,0.5,0.7305989583,0.7036458333,0.8087828569,1.0,'pretrained_feat_svc'),(2259,4,200,2780,10,0.5,0.2552832734,0.2288669065,0.2467670290,0.0,'pretrained_feat_multi_nb'),(2259,4,200,2780,10,0.5,0.5813848921,0.4946043165,0.1149670455,0.0,'pretrained_feat_oneVsSVC'),(2259,4,200,2780,10,0.5,0.6084757194,0.5152877698,0.0852519937,0.0,'pretrained_feat_svc'),(2318,2,200,1692,10,0.5,0.7517547100,0.7267355982,0.5029779695,1.0,'pretrained_feat_multi_nb'),(2318,2,200,1692,10,0.5,0.8160325083,0.7459379616,0.8524308332,1.0,'pretrained_feat_oneVsSVC'),(2318,2,200,1692,10,0.5,0.8160325083,0.7459379616,0.8094357541,1.0,'pretrained_feat_svc');
/*!40000 ALTER TABLE `readingsOldCNNDiff` ENABLE KEYS */;
UNLOCK TABLES;

--
-- Table structure for table `readingsOldCNNDiffBoth`
--

DROP TABLE IF EXISTS `readingsOldCNNDiffBoth`;
/*!40101 SET @saved_cs_client     = @@character_set_client */;
/*!40101 SET character_set_client = utf8 */;
CREATE TABLE `readingsOldCNNDiffBoth` (
  `doc_id` int(11) NOT NULL DEFAULT '0',
  `candidates` int(11) NOT NULL DEFAULT '0',
  `dimensions` int(11) NOT NULL DEFAULT '0',
  `samples` int(11) NOT NULL DEFAULT '0',
  `iterations` int(11) NOT NULL DEFAULT '0',
  `dropout` decimal(1,1) NOT NULL DEFAULT '0.0',
  `train_acc_cnn` decimal(11,10) DEFAULT NULL,
  `val_acc_cnn` decimal(11,10) DEFAULT NULL,
  `test_acc_cnn` decimal(11,10) DEFAULT NULL,
  `test_bin_cnn` decimal(2,1) DEFAULT NULL,
  `train_acc_ml` decimal(11,10) DEFAULT NULL,
  `val_acc_ml` decimal(11,10) DEFAULT NULL,
  `test_acc_ml` decimal(11,10) DEFAULT NULL,
  `test_bin_ml` decimal(2,1) DEFAULT NULL,
  `test` varchar(45) NOT NULL DEFAULT 'error',
  PRIMARY KEY (`doc_id`,`candidates`,`dimensions`,`samples`,`iterations`,`dropout`,`test`)
) ENGINE=InnoDB DEFAULT CHARSET=latin1;
/*!40101 SET character_set_client = @saved_cs_client */;

--
-- Dumping data for table `readingsOldCNNDiffBoth`
--

LOCK TABLES `readingsOldCNNDiffBoth` WRITE;
/*!40000 ALTER TABLE `readingsOldCNNDiffBoth` DISABLE KEYS */;
INSERT INTO `readingsOldCNNDiffBoth` VALUES (85,3,200,1726,30,0.5,1.0000000000,0.9613899614,0.0000188846,0.0,0.8112023177,0.7374517375,0.0361900933,0.0,'svc_256'),(85,3,200,1726,30,0.5,1.0000000000,0.9478764479,0.0327432000,0.0,0.9017382907,0.8436293436,0.2070652660,0.0,'svc_512'),(160,2,200,3099,30,0.5,0.9997983058,0.9701612911,0.0000000847,0.0,0.8467123840,0.8250000000,0.8910731006,1.0,'svc_256'),(160,2,200,3099,30,0.5,0.9997983058,0.9758064520,0.0000168692,0.0,0.9392900363,0.9088709677,0.6285806422,1.0,'svc_512'),(168,3,200,867,30,0.5,1.0000000000,0.9309021113,1.0000000000,1.0,0.8504807692,0.8406909789,0.7769458011,1.0,'svc_256'),(168,3,200,867,30,0.5,1.0000000000,0.9289827255,0.9999960000,1.0,0.9206730769,0.8675623800,0.9528173542,1.0,'svc_512'),(213,2,200,2536,30,0.5,1.0000000000,0.9359605916,0.7998740000,1.0,0.8535863939,0.8177339901,0.6091866312,1.0,'svc_256'),(213,2,200,2536,30,0.5,1.0000000000,0.9389162562,0.7520060000,1.0,0.8957357653,0.8581280788,0.6327254661,1.0,'svc_512'),(227,3,200,3200,30,0.5,0.9996093750,0.8932291667,0.9955650000,1.0,0.7256510417,0.6739583333,0.2636387688,0.0,'svc_256'),(227,3,200,3200,30,0.5,0.9936197917,0.9088541667,0.8251380000,1.0,0.8184895833,0.7828125000,0.0674010634,0.0,'svc_512'),(297,2,200,2536,30,0.5,1.0000000000,0.9694581283,0.9262540000,1.0,0.8999260537,0.8729064039,0.9586229049,1.0,'svc_256'),(297,2,200,2536,30,0.5,0.9997535124,0.9655172416,0.8197200000,1.0,0.9511954646,0.9172413793,0.7314527534,1.0,'svc_512'),(479,2,200,2780,30,0.5,1.0000000000,0.9685251807,0.9999920000,1.0,0.8522931655,0.8111510791,0.9686027750,1.0,'svc_256'),(479,2,200,2780,30,0.5,1.0000000000,0.9649280584,0.9999210000,1.0,0.9114208633,0.8750000000,0.9558041041,1.0,'svc_512'),(495,2,200,3200,30,0.5,1.0000000000,0.9992187500,0.9999980000,1.0,0.9371093750,0.9234375000,0.3841322034,0.0,'svc_256'),(495,2,200,3200,30,0.5,1.0000000000,0.9960937500,0.9999100000,1.0,0.9736328125,0.9632812500,0.8286452163,1.0,'svc_512'),(496,2,200,3200,30,0.5,1.0000000000,0.9554687500,0.9996570000,1.0,0.8232421875,0.8062500000,0.0481353710,0.0,'svc_256'),(496,2,200,3200,30,0.5,0.9998046875,0.9664062500,0.9764000000,1.0,0.9154296875,0.8742187500,0.0228381273,0.0,'svc_512'),(544,4,200,2153,30,0.5,0.9985484105,0.8961114337,0.0000744797,0.0,0.7497459718,0.7069065583,0.0069044190,0.0,'svc_256'),(544,4,200,2153,30,0.5,0.9998548411,0.9001741144,0.0190393000,0.0,0.8580345478,0.7817759721,0.0074026434,0.0,'svc_512'),(759,3,200,2780,30,0.5,1.0000000000,0.9340527578,0.0001507470,0.0,0.7180755396,0.6696642686,0.3123867666,0.0,'svc_256'),(759,3,200,2780,30,0.5,0.9997002398,0.9454436451,0.0337135000,0.0,0.8607613909,0.8249400480,0.5933958123,1.0,'svc_512'),(769,3,200,1601,30,0.5,1.0000000000,0.9188345473,0.0426578000,0.0,0.8107756377,0.7554630593,0.1877783708,0.0,'svc_256'),(769,3,200,1601,30,0.5,1.0000000000,0.9386056191,0.1654860000,0.0,0.8878188444,0.8147762747,0.3398868342,1.0,'svc_512'),(970,2,200,1162,30,0.5,1.0000000000,0.9849462366,0.8694590000,1.0,0.9365250134,0.9333333333,0.7346738835,1.0,'svc_256'),(970,2,200,1162,30,0.5,1.0000000000,0.9677419355,0.9509390000,1.0,0.9639591178,0.9333333333,0.7536799920,1.0,'svc_512'),(987,2,200,2001,30,0.5,1.0000000000,0.9925093633,0.9999800000,1.0,0.9562636676,0.9425717853,0.9538823584,1.0,'svc_256'),(987,2,200,2001,30,0.5,1.0000000000,0.9937578027,0.8912640000,1.0,0.9903155264,0.9762796504,0.8282784475,1.0,'svc_512'),(1007,4,200,1601,30,0.5,1.0000000000,0.8829039813,0.7109640000,1.0,0.7040796408,0.6206088993,0.2064874733,0.0,'svc_256'),(1007,4,200,1601,30,0.5,0.9986336131,0.8750975800,0.6821580000,1.0,0.8569197736,0.7775175644,0.1314041531,0.0,'svc_512'),(1095,2,200,842,30,0.5,0.9933184855,0.9050445136,0.5368230000,1.0,0.8923533779,0.8516320475,0.9812296694,1.0,'svc_256'),(1095,2,200,842,30,0.5,1.0000000000,0.9228486679,0.8440040000,1.0,0.9495174462,0.8397626113,0.5863825512,1.0,'svc_512'),(1121,2,200,3200,30,0.5,0.9998046875,0.9984375000,0.9992830000,1.0,0.9857421875,0.9851562500,0.3339503022,0.0,'svc_256'),(1121,2,200,3200,30,0.5,0.9994140625,1.0000000000,0.7610510000,1.0,0.9908203125,0.9890625000,0.6206170445,1.0,'svc_512'),(1223,4,200,458,30,0.5,1.0000000000,0.7193460500,0.3646910000,0.0,0.7167235495,0.5831062670,0.5128142683,1.0,'svc_256'),(1223,4,200,458,30,0.5,1.0000000000,0.7329700303,0.4046860000,0.0,0.7808873720,0.6021798365,0.4150230759,0.0,'svc_512'),(1444,2,200,2536,30,0.5,1.0000000000,0.9192118234,0.8163130000,1.0,0.8402760661,0.7901477833,0.6735643470,1.0,'svc_256'),(1444,2,200,2536,30,0.5,1.0000000000,0.9310344830,0.7617360000,1.0,0.8974611782,0.8394088670,0.3671688281,0.0,'svc_512'),(1476,2,200,2633,30,0.5,1.0000000000,0.9857685019,1.0000000000,1.0,0.9318613485,0.9269449715,0.9936025971,1.0,'svc_256'),(1476,2,200,2633,30,0.5,0.9997625831,0.9886148008,0.9994370000,1.0,0.9650997151,0.9554079696,0.7331663345,1.0,'svc_512'),(1527,3,200,1639,30,0.5,0.9982201882,0.9268292693,0.1249170000,0.0,0.8148995678,0.7723577236,0.0100722342,0.0,'svc_256'),(1527,3,200,1639,30,0.5,1.0000000000,0.9258130081,0.2447580000,0.0,0.9041444190,0.8587398374,0.0823878439,0.0,'svc_512'),(1727,4,200,2016,30,0.5,0.9998449853,0.9082455053,0.0000133714,0.0,0.7174081538,0.6676999380,0.0253103702,0.0,'svc_256'),(1727,4,200,2016,30,0.5,0.9987598822,0.9094854315,0.0042515400,0.0,0.8220430941,0.7644141352,0.0060673684,0.0,'svc_512'),(1923,2,200,2536,30,0.5,1.0000000000,0.9330049263,0.6013200000,1.0,0.8444663544,0.8187192118,0.3902962746,0.0,'svc_256'),(1938,4,200,1726,30,0.5,0.9998189390,0.8884866039,0.0000052164,0.0,0.6780735108,0.6321506155,0.6112190084,1.0,'svc_256'),(2010,3,200,3166,30,0.5,1.0000000000,0.9447368421,0.6337080000,1.0,0.7773098184,0.7521052632,0.5677634206,1.0,'svc_256'),(2128,2,200,3200,30,0.5,1.0000000000,0.9835937500,0.0000280525,0.0,0.8585937500,0.8320312500,0.5476607762,1.0,'svc_256'),(2171,2,200,3200,30,0.5,0.9994140625,0.9562500000,0.9735490000,1.0,0.8779296875,0.8539062500,0.0137895514,0.0,'svc_256'),(2175,4,200,2536,30,0.5,0.9977818854,0.8196155747,0.5249160000,1.0,0.9812692545,0.9586002957,0.6563657442,1.0,'svc_256'),(2178,3,200,348,30,0.5,1.0000000000,0.8421052643,0.0407227000,0.0,0.6538922156,0.5406698565,0.0170117830,0.0,'svc_256'),(2183,3,200,3200,30,0.5,1.0000000000,0.9661458333,0.9933350000,1.0,0.9973958333,0.9864583333,0.9089769351,1.0,'svc_256'),(2259,4,200,2780,30,0.5,0.9984262590,0.9267086331,0.1414230000,0.0,0.7012140288,0.6564748201,0.3838100879,0.0,'svc_256'),(2318,2,200,1692,30,0.5,1.0000000000,0.9719350074,0.9999910000,1.0,0.8888067972,0.8729689808,0.9896728412,1.0,'svc_256');
/*!40000 ALTER TABLE `readingsOldCNNDiffBoth` ENABLE KEYS */;
UNLOCK TABLES;

--
-- Table structure for table `readingsOldML`
--

DROP TABLE IF EXISTS `readingsOldML`;
/*!40101 SET @saved_cs_client     = @@character_set_client */;
/*!40101 SET character_set_client = utf8 */;
CREATE TABLE `readingsOldML` (
  `doc_id` int(11) NOT NULL DEFAULT '0',
  `candidates` int(11) NOT NULL DEFAULT '0',
  `samples` int(11) NOT NULL DEFAULT '0',
  `train_acc` decimal(11,10) DEFAULT NULL,
  `val_acc` decimal(11,10) DEFAULT NULL,
  `test_acc` decimal(11,10) DEFAULT NULL,
  `test_bin` decimal(2,1) DEFAULT NULL,
  `test` varchar(45) NOT NULL DEFAULT 'error',
  PRIMARY KEY (`doc_id`,`candidates`,`samples`,`test`)
) ENGINE=InnoDB DEFAULT CHARSET=latin1;
/*!40101 SET character_set_client = @saved_cs_client */;

--
-- Dumping data for table `readingsOldML`
--

LOCK TABLES `readingsOldML` WRITE;
/*!40000 ALTER TABLE `readingsOldML` DISABLE KEYS */;
INSERT INTO `readingsOldML` VALUES (85,3,1726,0.9975857074,0.9951737452,0.0000000000,0.0,'ct_multi_nb'),(85,3,1726,1.0000000000,0.9971042471,0.0000000000,0.0,'ct_svc'),(85,3,1726,0.9971028489,0.9942084942,0.0000000000,0.0,'tfidf_multi_nb'),(85,3,1726,1.0000000000,0.9980694981,0.0000000000,0.0,'tfidf_svc'),(160,2,3099,0.9969745865,0.9935483871,0.0000000000,0.0,'ct_multi_nb'),(160,2,3099,1.0000000000,0.9943548387,0.0000000000,0.0,'ct_svc'),(160,2,3099,0.9967728923,0.9951612903,0.0000000000,0.0,'tfidf_multi_nb'),(160,2,3099,1.0000000000,0.9991935484,0.0000000000,0.0,'tfidf_svc'),(168,3,867,0.9961538462,0.9865642994,0.0000000000,1.0,'ct_multi_nb'),(168,3,867,1.0000000000,0.9961612284,0.0000000000,1.0,'ct_svc'),(168,3,867,0.9966346154,0.9923224568,0.0000000000,1.0,'tfidf_multi_nb'),(168,3,867,1.0000000000,1.0000000000,0.0000000000,1.0,'tfidf_svc'),(213,2,2536,0.9982745871,0.9970443350,1.0000000000,1.0,'ct_multi_nb'),(213,2,2536,1.0000000000,0.9901477833,0.0000000000,1.0,'ct_svc'),(213,2,2536,0.9980280996,0.9950738916,1.0000000000,1.0,'tfidf_multi_nb'),(213,2,2536,1.0000000000,0.9980295567,1.0000000000,1.0,'tfidf_svc'),(227,3,3200,0.9832031250,0.9791666667,1.0000000000,1.0,'ct_multi_nb'),(227,3,3200,1.0000000000,0.9859375000,1.0000000000,1.0,'ct_svc'),(227,3,3200,0.9718750000,0.9562500000,1.0000000000,1.0,'tfidf_multi_nb'),(227,3,3200,0.9998697917,0.9968750000,1.0000000000,1.0,'tfidf_svc'),(297,2,2536,0.9728863692,0.9645320197,0.0000000000,1.0,'ct_multi_nb'),(297,2,2536,1.0000000000,0.9881773399,0.0000000000,1.0,'ct_svc'),(297,2,2536,0.9783090954,0.9684729064,0.0000000000,1.0,'tfidf_multi_nb'),(297,2,2536,1.0000000000,0.9990147783,1.0000000000,1.0,'tfidf_svc'),(479,2,2780,0.9964028777,0.9928057554,1.0000000000,1.0,'ct_multi_nb'),(479,2,2780,1.0000000000,0.9991007194,0.0000000000,1.0,'ct_svc'),(479,2,2780,0.9970773381,0.9964028777,1.0000000000,1.0,'tfidf_multi_nb'),(479,2,2780,1.0000000000,0.9991007194,1.0000000000,1.0,'tfidf_svc'),(495,2,3200,0.9988281250,0.9992187500,1.0000000000,1.0,'ct_multi_nb'),(495,2,3200,1.0000000000,0.9968750000,1.0000000000,1.0,'ct_svc'),(495,2,3200,0.9994140625,0.9976562500,1.0000000000,1.0,'tfidf_multi_nb'),(495,2,3200,1.0000000000,1.0000000000,1.0000000000,1.0,'tfidf_svc'),(496,2,3200,0.9974609375,0.9953125000,1.0000000000,1.0,'ct_multi_nb'),(496,2,3200,1.0000000000,0.9914062500,0.0000000000,1.0,'ct_svc'),(496,2,3200,0.9966796875,0.9953125000,1.0000000000,1.0,'tfidf_multi_nb'),(496,2,3200,1.0000000000,1.0000000000,1.0000000000,1.0,'tfidf_svc'),(544,4,2154,0.9682240279,0.9588167053,0.0000000000,0.0,'ct_multi_nb'),(544,4,2154,1.0000000000,0.9883990719,0.0000000000,0.0,'ct_svc'),(544,4,2154,0.9699651770,0.9489559165,0.0000000000,0.0,'tfidf_multi_nb'),(544,4,2154,1.0000000000,0.9982598608,0.0000000000,0.0,'tfidf_svc'),(759,3,2780,0.9929556355,0.9934052758,0.0000000000,0.0,'ct_multi_nb'),(759,3,2780,1.0000000000,0.9988009592,0.0000000000,0.0,'ct_svc'),(759,3,2780,0.9916067146,0.9886091127,0.0000000000,0.0,'tfidf_multi_nb'),(759,3,2780,1.0000000000,0.9988009592,0.0000000000,0.0,'tfidf_svc'),(769,3,1603,0.9779048609,0.9573804574,0.0000000000,1.0,'ct_multi_nb'),(769,3,1603,1.0000000000,0.9906444906,0.0000000000,1.0,'ct_svc'),(769,3,1603,0.9677670912,0.9584199584,0.0000000000,1.0,'tfidf_multi_nb'),(769,3,1603,1.0000000000,0.9937629938,0.0000000000,1.0,'tfidf_svc'),(970,2,1167,0.9957150509,0.9850107066,0.0000000000,1.0,'ct_multi_nb'),(970,2,1167,1.0000000000,0.9914346895,0.0000000000,1.0,'ct_svc'),(970,2,1167,0.9946438136,0.9871520343,0.0000000000,1.0,'tfidf_multi_nb'),(970,2,1167,1.0000000000,1.0000000000,1.0000000000,1.0,'tfidf_svc'),(987,2,2001,0.9984379881,1.0000000000,1.0000000000,1.0,'ct_multi_nb'),(987,2,2001,1.0000000000,0.9987515605,1.0000000000,1.0,'ct_svc'),(987,2,2001,0.9981255858,0.9975031211,1.0000000000,1.0,'tfidf_multi_nb'),(987,2,2001,1.0000000000,0.9987515605,1.0000000000,1.0,'tfidf_svc'),(1007,4,1603,0.9750438682,0.9563522993,0.0000000000,0.0,'ct_multi_nb'),(1007,4,1603,1.0000000000,0.9836321122,0.0000000000,0.0,'ct_svc'),(1007,4,1603,0.9746539286,0.9555728761,0.0000000000,0.0,'tfidf_multi_nb'),(1007,4,1603,1.0000000000,0.9922057677,1.0000000000,1.0,'tfidf_svc'),(1095,2,842,0.9977728285,0.9970326410,0.0000000000,1.0,'ct_multi_nb'),(1095,2,842,1.0000000000,0.9940652819,1.0000000000,1.0,'ct_svc'),(1095,2,842,0.9970304380,0.9821958457,0.0000000000,1.0,'tfidf_multi_nb'),(1095,2,842,1.0000000000,1.0000000000,1.0000000000,1.0,'tfidf_svc'),(1121,2,3200,0.9994140625,1.0000000000,0.0000000000,1.0,'ct_multi_nb'),(1121,2,3200,1.0000000000,0.9984375000,1.0000000000,1.0,'ct_svc'),(1121,2,3200,0.9986328125,0.9984375000,0.0000000000,1.0,'tfidf_multi_nb'),(1121,2,3200,1.0000000000,1.0000000000,1.0000000000,1.0,'tfidf_svc'),(1223,4,458,0.9979522184,0.9891008174,1.0000000000,1.0,'ct_multi_nb'),(1223,4,458,1.0000000000,0.9863760218,0.0000000000,1.0,'ct_svc'),(1223,4,458,0.9986348123,0.9918256131,1.0000000000,1.0,'tfidf_multi_nb'),(1223,4,458,1.0000000000,0.9945504087,1.0000000000,1.0,'tfidf_svc'),(1444,2,2536,0.9985210747,0.9950738916,1.0000000000,1.0,'ct_multi_nb'),(1444,2,2536,1.0000000000,0.9931034483,1.0000000000,1.0,'ct_svc'),(1444,2,2536,0.9987675622,0.9990147783,1.0000000000,1.0,'tfidf_multi_nb'),(1444,2,2536,1.0000000000,1.0000000000,1.0000000000,1.0,'tfidf_svc'),(1476,2,2634,0.9973896535,0.9962049336,0.0000000000,1.0,'ct_multi_nb'),(1476,2,2634,1.0000000000,0.9981024668,0.0000000000,1.0,'ct_svc'),(1476,2,2634,0.9983388704,0.9971537002,0.0000000000,1.0,'tfidf_multi_nb'),(1476,2,2634,1.0000000000,1.0000000000,1.0000000000,1.0,'tfidf_svc'),(1527,3,1639,0.9964403763,0.9949186992,0.0000000000,1.0,'ct_multi_nb'),(1527,3,1639,1.0000000000,0.9949186992,0.0000000000,1.0,'ct_svc'),(1527,3,1639,0.9949148233,0.9888211382,0.0000000000,1.0,'tfidf_multi_nb'),(1527,3,1639,1.0000000000,1.0000000000,1.0000000000,1.0,'tfidf_svc'),(1727,4,2016,0.9944194699,0.9913205208,0.0000000000,0.0,'ct_multi_nb'),(1727,4,2016,1.0000000000,0.9894606324,0.0000000000,0.0,'ct_svc'),(1727,4,2016,0.9937994109,0.9876007440,0.0000000000,0.0,'tfidf_multi_nb'),(1727,4,2016,1.0000000000,0.9987600744,0.0000000000,0.0,'tfidf_svc'),(1923,2,2536,0.9985210747,0.9970443350,1.0000000000,1.0,'ct_multi_nb'),(1923,2,2536,1.0000000000,0.9970443350,0.0000000000,1.0,'ct_svc'),(1923,2,2536,0.9990140498,0.9980295567,1.0000000000,1.0,'tfidf_multi_nb'),(1923,2,2536,1.0000000000,1.0000000000,1.0000000000,1.0,'tfidf_svc'),(1938,4,1726,0.9947492305,0.9905865315,0.0000000000,0.0,'ct_multi_nb'),(1938,4,1726,1.0000000000,0.9898624185,0.0000000000,0.0,'ct_svc'),(1938,4,1726,0.9927575593,0.9920347574,0.0000000000,0.0,'tfidf_multi_nb'),(1938,4,1726,1.0000000000,0.9978276611,0.0000000000,0.0,'tfidf_svc'),(2010,3,3166,0.9947354567,0.9894736842,0.0000000000,1.0,'ct_multi_nb'),(2010,3,3166,1.0000000000,0.9936842105,0.0000000000,1.0,'ct_svc'),(2010,3,3166,0.9918399579,0.9873684211,0.0000000000,1.0,'tfidf_multi_nb'),(2010,3,3166,0.9998683864,1.0000000000,1.0000000000,1.0,'tfidf_svc'),(2128,2,3200,0.9935546875,0.9945312500,0.0000000000,0.0,'ct_multi_nb'),(2128,2,3200,1.0000000000,0.9960937500,0.0000000000,0.0,'ct_svc'),(2128,2,3200,0.9927734375,0.9859375000,0.0000000000,0.0,'tfidf_multi_nb'),(2128,2,3200,1.0000000000,0.9992187500,0.0000000000,0.0,'tfidf_svc'),(2171,2,3200,0.9951171875,0.9890625000,1.0000000000,1.0,'ct_multi_nb'),(2171,2,3200,1.0000000000,0.9960937500,0.0000000000,1.0,'ct_svc'),(2171,2,3200,0.9931640625,0.9867187500,1.0000000000,1.0,'tfidf_multi_nb'),(2171,2,3200,1.0000000000,0.9992187500,1.0000000000,1.0,'tfidf_svc'),(2175,4,2536,0.9932224276,0.9837358305,0.0000000000,1.0,'ct_multi_nb'),(2175,4,2536,1.0000000000,0.9886643667,1.0000000000,1.0,'ct_svc'),(2175,4,2536,0.9903881701,0.9797930015,0.0000000000,1.0,'tfidf_multi_nb'),(2175,4,2536,1.0000000000,0.9975357319,1.0000000000,1.0,'tfidf_svc'),(2178,3,348,0.9904191617,0.9665071770,0.0000000000,1.0,'ct_multi_nb'),(2178,3,348,1.0000000000,0.9952153110,0.0000000000,1.0,'ct_svc'),(2178,3,348,0.9880239521,0.9377990431,0.0000000000,1.0,'tfidf_multi_nb'),(2178,3,348,1.0000000000,1.0000000000,1.0000000000,1.0,'tfidf_svc'),(2183,3,3200,0.9764322917,0.9713541667,0.0000000000,0.0,'ct_multi_nb'),(2183,3,3200,1.0000000000,0.9890625000,1.0000000000,1.0,'ct_svc'),(2183,3,3200,0.9816406250,0.9661458333,0.0000000000,0.0,'tfidf_multi_nb'),(2183,3,3200,0.9998697917,0.9979166667,1.0000000000,1.0,'tfidf_svc'),(2259,4,2780,0.9905575540,0.9860611511,0.0000000000,0.0,'ct_multi_nb'),(2259,4,2780,1.0000000000,0.9928057554,0.0000000000,0.0,'ct_svc'),(2259,4,2780,0.9899955036,0.9842625899,0.0000000000,0.0,'tfidf_multi_nb'),(2259,4,2780,0.9998875899,0.9991007194,0.0000000000,0.0,'tfidf_svc'),(2318,2,1693,0.9800590842,0.9616519174,0.0000000000,1.0,'ct_multi_nb'),(2318,2,1693,1.0000000000,0.9985250737,0.0000000000,1.0,'ct_svc'),(2318,2,1693,0.9807976366,0.9778761062,0.0000000000,1.0,'tfidf_multi_nb'),(2318,2,1693,1.0000000000,0.9985250737,1.0000000000,1.0,'tfidf_svc');
/*!40000 ALTER TABLE `readingsOldML` ENABLE KEYS */;
UNLOCK TABLES;
/*!40103 SET TIME_ZONE=@OLD_TIME_ZONE */;

/*!40101 SET SQL_MODE=@OLD_SQL_MODE */;
/*!40014 SET FOREIGN_KEY_CHECKS=@OLD_FOREIGN_KEY_CHECKS */;
/*!40014 SET UNIQUE_CHECKS=@OLD_UNIQUE_CHECKS */;
/*!40101 SET CHARACTER_SET_CLIENT=@OLD_CHARACTER_SET_CLIENT */;
/*!40101 SET CHARACTER_SET_RESULTS=@OLD_CHARACTER_SET_RESULTS */;
/*!40101 SET COLLATION_CONNECTION=@OLD_COLLATION_CONNECTION */;
/*!40111 SET SQL_NOTES=@OLD_SQL_NOTES */;

-- Dump completed on 2017-03-13 19:19:59
