author_id,doc_id,chunks (1500)
98,2347,64011
77,1060,53010
99,599,51072
19,2249,49077
80,1809,49020
11,1945,47481
11,1714,47196
66,2284,46284
20,2352,45657
19,1715,45486
66,658,45030
61,1672,42864
45,1077,42351
11,1924,42237
97,626,41895
130,1494,40413
100,2117,38532
63,119,38532
11,2074,38418
11,1826,37107
32,2037,36423
68,134,36195
56,1469,36081
11,1908,35910
105,1217,34998
58,1501,33288
111,576,33117
94,289,33060
77,1055,31464
119,1458,31350
71,1198,31293
20,2156,30951
11,1929,30609
76,149,30552
11,1896,29868
44,1951,29070
62,115,28956
80,1063,28671
91,2157,28443
114,1131,28329
11,2125,28272
11,1870,28158
97,930,28101
61,439,27987
11,1875,27930
114,2118,27474
80,1920,27075
76,1302,27075
97,1103,26961
56,1737,26847
97,320,26676
20,1719,26619
97,1883,26619
49,1780,26505
76,1799,26106
88,2250,26049
114,1650,25821
20,1885,25308
114,1755,25137
63,2233,25023
114,828,24966
80,1718,24852
86,1887,24453
80,2294,24396
80,2264,24396
62,1756,24282
80,1415,24111
80,1754,23940
60,2087,23712
61,2263,23712
80,1491,23655
118,1470,23598
91,1679,23598
14,2017,23484
97,347,23427
54,2007,23256
72,1900,23256
80,820,23199
114,602,23085
44,1045,23028
87,1642,22914
69,531,22857
80,1361,22857
80,451,22743
80,681,22743
80,374,22629
80,1907,22629
80,161,22572
80,1652,22458
71,514,22458
78,2366,22344
118,1189,22230
49,2130,21888
78,153,21831
69,1997,21660
75,1173,21660
88,1901,21603
80,1879,21546
52,2203,21432
48,1054,21432
80,920,21318
80,833,21318
11,1971,21261
97,418,21147
100,1081,21090
63,1835,21090
80,704,20976
111,1510,20919
120,2367,20862
115,1336,20691
44,467,20634
80,736,20577
97,1455,20577
91,2104,20463
129,1473,20463
97,1791,20463
80,905,20292
56,1463,20292
65,300,20292
52,1832,20121
45,666,20121
65,493,20121
97,1775,20121
114,2225,20064
63,1635,20007
80,2042,19893
45,1598,19893
112,1781,19836
88,822,19836
65,2349,19779
117,1512,19722
51,482,19665
88,1852,19665
14,2215,19608
65,1020,19551
80,932,19551
45,761,19494
103,372,19437
131,1662,19323
56,1579,19266
65,1654,19209
11,1800,19209
65,516,19152
56,1793,19152
65,940,19095
80,789,19095
71,1503,19095
43,455,19038
80,1699,19038
115,633,18924
18,1919,18924
87,197,18867
91,1797,18867
92,2060,18867
44,1298,18867
11,2101,18810
19,1698,18810
45,1761,18810
18,1784,18639
65,2376,18525
56,2271,18525
56,1531,18525
65,2205,18411
88,1691,18354
114,2071,18297
45,649,18297
11,1911,18297
114,1008,18297
97,978,18240
44,1947,18240
97,2153,18183
49,1087,18069
56,1484,18069
52,2332,18012
63,198,17898
65,933,17898
98,1736,17841
97,2182,17841
88,409,17727
37,113,17670
107,1916,17613
18,1905,17613
18,1786,17556
114,655,17556
98,1439,17385
59,1432,17385
91,1238,17385
45,1301,17385
81,1794,17328
111,1892,17328
49,1703,17271
72,423,17271
72,141,17214
60,1478,17214
82,2212,17214
44,805,17157
113,1824,17157
18,2216,17100
55,2024,17100
92,1442,17043
94,1359,17043
63,285,16986
18,2102,16986
64,1319,16986
48,2100,16929
91,603,16815
67,2234,16758
18,2120,16701
63,900,16701
88,1953,16644
82,1751,16644
80,1913,16587
88,865,16587
18,2073,16587
100,1990,16530
35,917,16530
18,2305,16530
131,2103,16530
18,2325,16473
19,727,16473
19,296,16473
66,600,16416
111,1554,16359
81,2285,16359
117,2333,16359
35,2374,16302
35,2380,16302
79,621,16302
1,1,16245
113,2307,16245
18,1766,16188
136,2290,16188
88,870,16188
49,1520,16131
88,693,16131
88,1818,16017
71,1003,16017
88,1101,16017
88,787,15960
113,593,15903
65,1991,15903
113,1774,15846
18,2009,15789
88,1113,15789
63,2382,15732
111,893,15732
64,710,15675
19,292,15675
55,2214,15675
11,1392,15618
65,627,15561
113,1881,15504
63,2184,15447
18,1779,15447
90,634,15447
19,420,15447
91,1653,15390
82,311,15390
43,1563,15333
88,973,15333
54,1746,15219
69,1729,15162
121,949,15162
63,1940,15162
18,1886,15162
80,189,15105
88,1753,15105
18,1676,15105
88,2345,15105
81,511,15105
18,2154,15105
71,1618,15105
69,1048,15048
19,1337,15048
88,1264,15048
98,680,15048
61,2229,14991
92,1645,14991
44,1300,14991
92,2278,14877
88,2043,14877
73,552,14877
122,1669,14820
56,1845,14820
55,2045,14820
111,550,14820
61,598,14763
85,194,14763
59,1976,14706
18,1922,14706
92,857,14649
97,898,14649
55,2258,14592
18,2364,14592
118,1490,14592
61,469,14592
100,1485,14592
61,1583,14592
11,172,14535
88,1811,14478
82,1763,14478
35,76,14478
28,1394,14421
71,1383,14421
19,2321,14364
91,1412,14364
88,1291,14307
125,1974,14307
118,2167,14307
92,2261,14307
55,2334,14307
64,470,14307
59,2383,14250
73,351,14250
69,860,14193
19,644,14193
88,844,14193
39,1499,14193
69,1369,14136
88,1626,14136
88,201,14136
73,781,14136
56,1902,14136
113,1678,14079
21,329,14022
88,1815,14022
12,1747,14022
43,2173,14022
66,2304,14022
55,1545,13965
67,1850,13965
55,1789,13965
63,779,13965
18,1685,13908
88,989,13908
55,1500,13851
18,2336,13851
88,2050,13851
66,1260,13794
107,430,13794
39,1430,13794
88,999,13737
53,1853,13737
35,1341,13680
88,824,13680
97,334,13680
37,1937,13680
61,1690,13623
111,1175,13623
59,1604,13623
111,1744,13623
111,848,13566
55,2329,13566
56,95,13566
55,1423,13566
64,788,13566
64,1830,13509
51,2198,13509
55,2041,13509
44,1838,13452
118,717,13452
66,1388,13452
66,743,13452
80,1396,13395
43,1390,13395
69,324,13338
55,2155,13338
66,772,13338
64,1790,13338
59,1386,13281
59,1355,13281
86,375,13224
43,968,13224
64,2219,13224
88,1320,13167
116,690,13167
49,2176,13167
88,541,13167
82,366,13167
90,537,13167
133,2106,13110
59,2030,13110
125,1168,13110
88,2295,13053
110,504,13053
64,363,12996
18,2302,12996
88,1865,12996
59,2238,12939
116,1076,12939
74,499,12939
55,2096,12939
80,637,12882
44,2080,12882
19,1733,12882
86,1032,12825
61,1021,12825
66,486,12768
71,703,12768
84,701,12768
18,2194,12711
21,489,12711
21,967,12654
65,753,12654
18,1904,12654
18,2161,12597
113,1169,12540
88,1526,12540
69,212,12540
64,1914,12483
86,1293,12483
45,845,12483
66,1705,12483
64,2344,12483
72,1209,12483
82,1242,12483
73,2040,12483
60,1548,12426
18,1987,12426
73,2289,12426
91,260,12426
43,1069,12369
67,1404,12369
92,1036,12369
64,1195,12369
29,1433,12369
67,899,12369
59,1946,12312
73,1777,12312
55,1906,12255
76,2089,12198
77,931,12141
73,1651,12141
64,1927,12141
116,1002,12141
82,1145,12084
67,716,12084
104,1193,12027
55,2054,12027
82,1360,12027
113,1803,12027
59,2134,11970
54,1859,11970
91,623,11970
92,792,11970
88,219,11970
113,2270,11913
48,648,11913
72,252,11913
64,1597,11913
11,1230,11856
90,2235,11856
86,196,11856
82,1333,11856
88,1171,11856
2,414,11799
75,2373,11799
111,1634,11799
82,1314,11799
67,1602,11799
133,2186,11799
65,2350,11799
19,1130,11742
97,595,11742
64,211,11742
18,2062,11742
11,1136,11742
88,449,11685
18,2287,11685
46,1353,11685
67,948,11685
20,1977,11685
113,583,11628
83,234,11628
122,1620,11628
90,943,11571
19,2189,11571
92,1686,11514
64,1813,11457
64,1880,11457
46,1016,11400
81,590,11400
79,156,11400
71,507,11400
71,2020,11343
64,328,11343
60,2202,11343
73,806,11343
120,1931,11343
20,1709,11286
88,502,11286
67,1926,11286
86,2158,11286
98,771,11229
88,389,11229
79,1730,11229
113,2324,11229
82,2199,11229
55,2159,11229
91,332,11229
73,953,11229
59,2139,11172
19,21,11172
15,1812,11172
44,1734,11172
64,490,11115
55,2114,11115
92,457,11115
92,2267,11115
75,488,11115
63,558,11058
56,891,11058
64,1982,11058
82,173,11058
100,1464,11001
59,1962,11001
66,1125,11001
73,718,11001
92,270,11001
72,2314,11001
64,1472,11001
66,513,10944
58,1227,10944
65,1441,10944
44,1058,10887
116,1968,10887
20,2201,10887
20,1628,10887
59,2190,10887
64,195,10887
46,1544,10830
113,2057,10830
46,2077,10830
64,841,10830
112,579,10830
64,402,10830
64,557,10830
69,1687,10830
64,2310,10830
21,1796,10773
64,1828,10773
79,545,10716
64,1297,10716
64,1179,10716
64,765,10716
67,1849,10716
18,2163,10659
21,23,10659
55,1742,10659
44,861,10659
56,804,10659
64,1806,10659
88,2169,10659
73,1257,10602
61,2064,10545
64,341,10545
64,1664,10545
64,2227,10545
45,1550,10545
105,1578,10545
44,1749,10545
65,2328,10545
113,1156,10545
43,1633,10488
86,1956,10488
64,2308,10488
71,137,10488
71,724,10431
64,2082,10431
64,461,10431
121,1999,10431
21,1201,10431
64,1408,10374
90,1882,10374
12,1917,10374
91,1640,10317
71,1275,10317
90,515,10317
104,1332,10317
7,960,10317
19,1989,10260
82,1562,10260
64,1116,10260
64,1177,10260
105,2015,10260
11,622,10203
91,277,10203
105,2086,10146
116,760,10146
91,1935,10146
41,2370,10146
73,1278,10146
104,1196,10089
18,1861,10089
39,927,10089
93,475,10089
59,1306,10089
64,433,10032
105,444,10032
105,766,10032
12,1710,10032
64,871,10032
11,1237,10032
66,1367,10032
61,1668,10032
71,387,9975
92,1318,9975
18,2016,9975
11,1649,9975
91,1958,9975
81,1600,9975
44,2049,9918
113,1513,9918
19,763,9918
44,291,9918
61,207,9918
66,2116,9918
43,1985,9918
44,1363,9861
92,567,9861
102,748,9861
91,1594,9861
18,1871,9861
45,1785,9804
105,406,9804
105,1251,9804
71,1970,9804
19,1891,9804
12,2369,9804
39,1960,9747
11,223,9747
11,2281,9747
44,2222,9747
46,1996,9747
47,1986,9747
61,1524,9747
73,553,9747
74,206,9747
22,2025,9690
93,836,9690
77,2088,9690
113,1083,9690
67,1014,9633
11,11,9633
113,924,9633
11,1221,9633
11,463,9633
21,1632,9633
133,2213,9576
16,1725,9576
45,1568,9576
59,1437,9576
10,1202,9576
11,1898,9576
61,1973,9576
39,2048,9576
121,1941,9519
46,1877,9519
120,1307,9519
64,1867,9519
11,1972,9519
11,1024,9519
82,2187,9462
11,1281,9462
11,1561,9462
61,188,9462
91,980,9462
21,688,9462
92,1954,9405
91,2301,9405
91,2362,9405
91,1584,9348
91,1452,9348
64,193,9348
94,955,9348
20,267,9348
41,2174,9291
20,312,9291
43,1286,9291
64,1825,9291
89,1969,9291
88,2035,9291
11,434,9291
102,628,9291
65,1351,9234
109,498,9234
64,123,9234
64,1934,9234
81,412,9234
64,770,9177
61,1288,9177
83,175,9177
14,2021,9120
73,919,9120
17,2052,9120
61,888,9063
64,1207,9063
20,839,9063
93,1771,9006
18,2268,9006
44,2143,9006
64,218,9006
86,977,8949
55,1720,8949
106,1807,8949
104,398,8949
64,1615,8949
92,1502,8949
45,699,8892
102,1342,8892
34,43,8892
64,1701,8892
91,678,8892
20,904,8835
10,1365,8835
57,2372,8835
71,996,8835
11,925,8835
54,1239,8778
71,1788,8778
66,1599,8778
61,562,8778
107,1591,8721
20,148,8721
71,1044,8721
67,1750,8721
82,1378,8664
73,1965,8664
14,1254,8607
12,2253,8607
17,1769,8607
19,1214,8607
67,741,8607
45,254,8607
15,1801,8607
24,2112,8607
23,1700,8607
82,1829,8607
14,1551,8607
102,586,8550
29,319,8550
35,907,8550
43,1903,8550
86,2232,8550
44,2311,8550
71,2255,8550
17,1768,8550
67,2269,8550
11,609,8550
63,1213,8550
61,1372,8550
128,1438,8550
20,293,8493
21,1178,8493
116,1350,8493
65,128,8493
20,1047,8493
43,939,8436
56,1405,8436
58,98,8436
113,1692,8436
17,2123,8436
20,731,8436
102,1623,8436
29,2032,8379
21,1899,8379
20,367,8379
75,1808,8379
69,979,8379
61,929,8322
71,632,8322
20,429,8322
86,1010,8322
46,934,8322
44,1387,8265
43,581,8265
44,1147,8265
88,1218,8265
21,468,8208
46,993,8208
102,1247,8208
65,616,8208
67,990,8151
64,392,8151
74,684,8151
20,1530,8151
68,1037,8151
93,2377,8151
17,2092,8151
122,2029,8094
46,1819,8094
20,1009,8094
11,1084,8094
21,1074,8094
17,1783,8094
17,2008,8037
91,700,8037
91,1572,8037
10,1518,8037
93,1627,8037
43,436,8037
60,1641,8037
86,360,8037
42,2193,7980
10,1232,7980
37,338,7980
66,1497,7980
122,1553,7980
46,966,7980
10,2315,7923
106,2299,7923
74,1868,7923
46,1695,7923
3,355,7923
61,842,7866
10,428,7866
11,280,7866
3,183,7866
97,2266,7866
91,2206,7866
53,1707,7809
45,1346,7809
10,935,7809
61,2368,7809
42,2188,7809
47,81,7809
97,1894,7752
93,1030,7752
10,2217,7752
15,1816,7752
2,1466,7752
74,143,7695
88,396,7695
37,404,7695
87,307,7695
46,1460,7695
14,2076,7695
2,51,7695
46,1071,7695
46,1630,7695
44,1315,7638
91,1303,7638
75,2019,7638
91,916,7638
71,1869,7638
6,794,7638
45,1224,7638
46,1219,7638
21,94,7581
21,411,7581
56,610,7524
117,697,7524
48,1127,7467
43,2195,7467
43,1995,7467
88,985,7467
67,1122,7467
92,937,7467
29,170,7410
19,1270,7410
58,2150,7410
45,438,7410
17,1854,7410
44,1586,7410
44,1446,7410
54,237,7353
67,2312,7353
93,276,7353
80,1034,7353
67,1240,7353
31,2283,7353
1,1667,7353
37,1942,7353
102,892,7296
54,1267,7296
56,574,7296
40,333,7296
7,954,7296
45,1656,7296
92,802,7296
89,2339,7296
56,854,7239
35,2243,7239
69,1862,7239
54,288,7239
71,2141,7239
3,618,7239
102,988,7182
44,64,7182
19,1427,7182
52,214,7182
40,483,7125
54,91,7125
60,103,7125
52,221,7125
2,1349,7125
43,1608,7125
94,1823,7125
85,1070,7068
106,1992,7068
23,140,7068
12,1659,7068
29,273,7011
135,2252,7011
61,240,7011
43,1609,7011
22,2066,7011
42,719,7011
97,608,6954
106,617,6954
17,1776,6954
102,1844,6954
45,302,6954
100,1936,6954
43,1675,6954
43,1348,6954
45,1912,6897
124,1110,6897
17,2063,6897
54,462,6897
67,752,6897
102,1605,6897
106,923,6897
77,1817,6897
43,2322,6840
61,111,6840
88,867,6840
2,1380,6840
123,1097,6840
99,1389,6783
91,1480,6783
31,34,6783
61,2065,6783
105,799,6783
112,1150,6783
11,1082,6783
37,526,6783
44,368,6783
17,2245,6726
18,830,6726
43,1159,6726
46,1245,6726
66,1863,6726
77,762,6726
100,1029,6726
91,2056,6669
43,2135,6669
127,1376,6669
15,2231,6669
102,1153,6612
45,1018,6612
18,614,6612
45,1436,6612
63,1312,6612
105,1663,6612
43,1504,6612
23,126,6555
10,1411,6555
46,2297,6555
11,1253,6555
57,2168,6555
102,1105,6555
91,1921,6555
75,2149,6555
8,1393,6555
73,142,6498
78,1519,6498
54,554,6498
29,818,6498
93,889,6498
31,37,6498
23,1038,6498
45,720,6498
39,1323,6441
77,669,6441
19,440,6441
91,1271,6441
12,1804,6384
45,883,6384
81,2003,6384
13,2046,6384
19,1282,6384
67,606,6384
22,25,6384
93,665,6384
9,1580,6384
91,1104,6384
18,668,6384
47,1647,6327
3,1932,6327
19,588,6327
45,2136,6327
18,491,6327
88,1930,6327
52,89,6327
43,569,6327
46,1403,6327
18,712,6327
17,2084,6327
61,874,6270
42,1068,6270
31,421,6270
18,733,6270
23,1284,6270
67,926,6270
44,159,6213
59,864,6213
13,2220,6213
31,2348,6213
56,2151,6213
102,371,6213
46,732,6213
62,1508,6213
12,2207,6156
91,501,6156
69,2083,6156
52,210,6156
51,424,6156
37,251,6156
1,2013,6156
6,796,6156
6,1222,6156
54,1327,6099
18,1090,6099
7,938,6099
92,1841,6099
8,425,6099
52,2316,6099
56,228,6099
23,2378,6099
111,2005,6042
11,1305,6042
44,1292,6042
20,1066,6042
127,1225,6042
21,1535,5985
21,728,5985
28,659,5985
3,1827,5985
52,1236,5985
102,677,5985
15,2164,5985
26,2180,5985
18,40,5928
52,249,5928
62,2110,5928
6,348,5928
91,1559,5928
89,2097,5928
91,287,5928
90,1216,5928
18,859,5871
57,2006,5871
21,565,5871
18,138,5871
61,1124,5871
31,1748,5871
12,1840,5871
45,821,5871
20,22,5871
106,1456,5871
14,1461,5871
18,52,5814
57,950,5814
23,26,5814
103,1443,5814
23,2346,5814
52,908,5814
18,104,5814
20,533,5814
12,2282,5814
26,642,5814
18,696,5814
18,1091,5757
7,1158,5757
18,437,5757
26,1539,5757
72,540,5757
102,709,5757
45,1842,5757
1,1400,5757
106,2224,5757
90,1595,5757
26,2248,5757
20,380,5700
21,2140,5700
30,2098,5700
80,756,5700
3,244,5700
11,121,5700
67,1611,5700
116,1079,5700
28,1362,5700
52,936,5700
91,1161,5700
23,2211,5700
96,1525,5643
26,815,5643
35,46,5643
18,1015,5643
71,1431,5643
77,151,5643
56,811,5643
11,2172,5643
96,309,5643
44,1560,5586
106,674,5586
5,812,5586
18,1449,5586
18,1078,5586
4,233,5586
29,1495,5586
62,487,5586
21,1052,5586
91,2323,5529
56,547,5529
37,1682,5529
14,15,5529
119,793,5529
59,178,5529
59,2208,5529
7,969,5529
35,208,5529
21,1409,5472
40,215,5472
37,1674,5472
18,205,5472
44,365,5472
18,1322,5472
44,203,5472
6,1004,5472
58,1708,5472
37,1888,5472
3,3,5472
55,729,5472
7,7,5472
73,323,5472
112,1509,5472
2,786,5415
35,464,5415
11,972,5415
62,230,5415
45,186,5415
18,1876,5415
1,1031,5415
43,2355,5415
18,1117,5415
49,84,5415
111,742,5415
18,945,5415
40,59,5415
12,612,5415
37,1593,5415
37,1684,5415
106,662,5415
18,963,5415
24,2192,5415
28,915,5415
105,890,5358
21,1340,5358
18,1566,5358
22,679,5358
71,1391,5358
29,1918,5358
8,116,5358
57,829,5358
18,1613,5358
7,629,5301
44,2303,5301
2,176,5301
18,74,5301
57,1276,5301
21,1836,5301
18,243,5301
44,261,5301
75,1181,5301
18,1324,5301
89,1489,5244
114,1330,5244
31,349,5244
56,1085,5244
7,817,5244
78,1039,5244
29,1884,5187
91,1317,5187
7,573,5187
21,922,5187
18,1468,5187
18,45,5187
43,535,5187
4,1115,5187
1,408,5187
43,118,5187
31,2105,5187
4,1629,5130
86,1316,5130
28,2379,5130
18,831,5130
6,2133,5130
102,2011,5130
1,2124,5130
23,1693,5130
81,1273,5130
12,1053,5130
28,49,5130
27,68,5130
55,983,5130
52,1001,5130
85,1762,5073
84,1382,5073
5,2237,5073
43,1752,5073
30,1967,5073
51,947,5073
34,646,5073
95,837,5016
23,241,5016
23,394,5016
46,1949,5016
7,1889,5016
85,1726,5016
31,146,5016
89,2371,5016
22,1606,4959
93,1402,4959
43,1172,4959
59,497,4959
21,1975,4959
67,1717,4959
67,133,4959
78,596,4959
55,109,4959
26,1873,4959
15,2018,4902
45,1855,4902
6,1220,4902
59,1163,4902
55,782,4902
18,1041,4902
120,1773,4902
23,399,4902
67,1176,4902
19,1952,4902
62,585,4845
26,224,4845
53,1689,4845
21,1186,4845
59,768,4845
90,225,4845
18,1154,4845
18,1192,4845
26,2119,4845
21,2296,4845
23,1994,4845
75,849,4845
45,401,4845
29,517,4845
18,471,4845
24,564,4845
64,1075,4788
18,61,4788
23,1174,4788
24,79,4788
20,604,4788
18,304,4788
59,613,4788
8,780,4788
37,48,4788
105,1981,4788
7,631,4731
26,1759,4731
70,136,4731
23,2327,4731
23,1782,4731
55,105,4731
13,1847,4731
45,846,4731
67,145,4731
23,2292,4674
31,120,4674
49,1897,4674
23,1564,4674
18,373,4674
61,1963,4674
43,345,4674
19,1745,4674
43,403,4674
23,1843,4674
37,823,4674
6,1966,4674
56,745,4674
71,1410,4674
23,764,4674
18,910,4674
18,1272,4617
23,1226,4617
22,236,4617
86,1199,4617
21,2241,4617
43,2068,4617
88,1203,4617
55,1234,4617
51,1677,4617
5,2036,4617
23,1215,4617
23,250,4617
23,2309,4560
3,187,4560
21,2381,4560
34,2257,4560
69,1459,4560
18,306,4560
5,2320,4560
100,343,4560
59,1311,4560
55,1259,4560
26,1454,4560
31,259,4560
19,1475,4560
1,1129,4560
23,1268,4560
5,1839,4560
8,991,4560
65,1820,4560
5,538,4503
43,2338,4503
25,1665,4503
22,1098,4503
4,672,4503
37,2200,4503
45,1152,4503
5,2047,4503
4,1073,4503
39,1738,4503
26,2028,4503
26,2044,4503
2,543,4503
21,1274,4503
26,1370,4503
26,1283,4503
23,1517,4503
24,2000,4503
58,248,4446
21,1141,4446
2,2031,4446
31,738,4446
4,4,4446
61,855,4446
5,2204,4446
18,1123,4446
52,1696,4446
43,1792,4446
59,863,4446
121,1928,4446
22,1368,4446
55,376,4446
7,1516,4446
55,1094,4446
5,992,4446
31,1592,4389
5,505,4389
58,582,4389
37,2061,4389
5,944,4389
5,1379,4389
59,331,4389
5,5,4389
44,162,4389
59,909,4389
95,305,4389
5,2342,4389
103,2317,4389
106,2039,4389
29,2144,4389
75,1637,4389
2,783,4389
75,711,4389
68,2359,4389
55,1258,4389
53,872,4389
1,2254,4389
29,1683,4332
5,847,4332
55,534,4332
59,101,4332
11,1118,4332
37,1326,4332
44,2002,4332
5,568,4332
92,808,4332
28,1235,4332
31,819,4332
5,299,4332
5,1401,4332
51,87,4332
55,327,4275
5,2099,4275
83,689,4275
95,2274,4275
55,298,4275
26,245,4275
24,476,4275
75,997,4275
106,2055,4275
24,2358,4275
55,1140,4275
23,2109,4275
5,1538,4275
9,851,4275
55,723,4275
5,238,4275
5,426,4275
5,1120,4275
18,419,4275
29,1575,4275
75,144,4275
22,1515,4275
18,20,4275
5,454,4218
46,2306,4218
30,1407,4218
19,2230,4218
59,2115,4218
15,912,4218
8,494,4218
5,2210,4218
4,1767,4218
37,361,4218
5,1764,4218
5,1757,4218
21,500,4218
5,1571,4218
43,1206,4218
43,1166,4218
15,492,4218
7,747,4218
55,524,4161
61,282,4161
19,1080,4161
51,447,4161
55,93,4161
20,1479,4161
5,560,4161
71,722,4161
59,1681,4161
2,1406,4161
106,556,4161
43,1088,4161
2,1657,4161
13,2185,4104
29,32,4104
31,726,4104
20,1339,4104
27,1581,4104
37,2146,4104
89,337,4104
5,713,4104
5,1331,4104
5,1702,4104
5,1706,4104
5,2023,4104
83,1848,4104
5,2053,4104
26,946,4104
7,1639,4104
28,525,4104
55,592,4104
23,317,4104
65,1187,4104
28,790,4104
13,1984,4104
5,393,4047
28,2279,4047
56,749,4047
5,520,4047
2,1587,4047
15,512,4047
55,1190,4047
57,1728,4047
21,1565,4047
70,1878,4047
55,1229,4047
23,496,4047
23,518,4047
93,1419,3990
2,2051,3990
37,2026,3990
2,2,3990
61,1185,3990
23,959,3990
18,65,3990
91,2276,3990
5,1506,3990
5,66,3990
81,167,3990
46,838,3990
18,686,3933
101,1576,3933
3,204,3933
30,340,3933
59,1453,3933
5,256,3933
21,2313,3933
43,226,3933
8,1624,3933
45,2356,3933
12,1146,3933
6,2246,3933
44,2337,3933
16,571,3933
2,1680,3876
62,132,3876
15,16,3876
98,2038,3876
41,850,3876
24,2244,3876
5,410,3876
61,654,3876
61,1345,3876
26,1482,3876
24,1128,3876
59,807,3876
15,1978,3876
66,1655,3876
4,2126,3876
49,1542,3819
23,232,3819
6,619,3819
44,1228,3819
83,2081,3819
44,231,3819
41,1625,3819
23,1589,3819
105,785,3819
28,1577,3762
31,1658,3762
12,12,3762
35,530,3762
91,452,3762
37,705,3762
81,714,3762
40,1462,3762
26,1980,3762
24,721,3762
55,96,3705
94,472,3705
22,335,3705
23,1697,3705
32,35,3705
99,339,3705
122,1005,3705
57,2242,3705
36,47,3705
31,268,3705
3,160,3648
8,1547,3648
3,676,3648
24,611,3648
55,1022,3648
12,539,3648
134,2179,3648
12,775,3648
23,263,3648
37,1223,3648
59,1182,3648
37,708,3648
4,509,3648
59,769,3648
23,1798,3648
41,1590,3648
66,597,3648
60,561,3591
25,290,3591
53,607,3591
77,158,3591
7,1731,3591
21,2221,3591
7,1106,3591
11,1072,3591
12,179,3591
28,209,3591
4,2343,3591
100,641,3591
31,1872,3591
31,480,3591
60,1056,3591
31,1289,3534
12,941,3534
37,1540,3534
5,448,3534
40,1416,3534
5,546,3534
44,647,3534
66,2121,3534
60,776,3534
29,295,3534
14,1511,3534
61,274,3534
25,1795,3534
8,1093,3477
28,2095,3477
59,1007,3477
132,2027,3477
41,269,3477
31,2236,3477
31,106,3477
90,2181,3477
11,1644,3477
6,2330,3420
55,1205,3420
23,555,3420
59,1477,3420
26,384,3420
31,255,3420
106,417,3420
59,1979,3420
11,253,3420
4,715,3420
66,485,3420
41,2298,3420
46,795,3420
26,29,3420
46,1616,3420
26,894,3420
45,962,3420
98,325,3363
28,572,3363
29,862,3363
37,1096,3363
26,435,3363
45,2094,3363
46,2247,3363
51,2335,3363
24,1019,3363
15,639,3363
24,549,3363
65,2265,3363
70,1428,3363
84,2291,3363
5,1631,3363
21,1310,3363
5,942,3363
3,1688,3363
12,1102,3306
21,2226,3306
12,235,3306
21,191,3306
15,832,3306
2,1810,3306
77,1398,3306
118,2363,3306
65,1521,3306
37,139,3306
37,2251,3306
101,364,3306
25,895,3306
25,2386,3306
14,1636,3306
31,301,3306
11,670,3306
2,1149,3306
9,9,3249
54,2160,3249
26,673,3249
2,336,3249
122,1465,3249
17,1596,3249
12,1266,3249
15,878,3249
27,523,3249
6,2357,3249
57,2277,3249
39,58,3249
24,2127,3249
23,620,3249
5,1447,3249
29,266,3249
29,2361,3192
4,2319,3192
44,2326,3192
43,202,3192
66,1552,3192
31,2196,3192
11,1619,3192
30,2111,3192
9,683,3192
17,1248,3192
23,551,3192
75,477,3192
11,982,3192
35,2272,3192
37,330,3135
57,1607,3135
57,1998,3135
9,1357,3135
21,1534,3135
88,239,3135
44,1556,3135
2,1643,3135
17,24,3135
2,735,3135
8,8,3135
106,825,3135
11,522,3135
75,1821,3135
16,746,3135
16,18,3135
31,315,3135
4,17,3135
4,542,3135
51,1134,3135
66,131,3135
37,297,3135
11,1617,3078
66,1549,3078
21,800,3078
44,1023,3078
41,1114,3078
35,1864,3078
17,1033,3078
15,1514,3078
37,388,3078
17,262,3078
21,459,3078
17,1006,3078
20,1414,3078
37,834,3078
31,1420,3078
32,536,3078
17,675,3078
17,1262,3021
84,177,3021
29,757,3021
3,880,3021
122,1042,3021
75,1983,3021
23,1961,3021
17,1143,3021
17,1108,3021
3,2108,3021
12,914,3021
58,508,3021
37,271,3021
66,901,3021
66,1344,3021
56,1851,3021
37,2128,3021
41,1208,3021
22,157,3021
41,2165,3021
17,635,3021
65,913,2964
69,1050,2964
75,1546,2964
9,974,2964
88,1277,2964
25,601,2964
37,759,2964
69,615,2964
17,1610,2964
44,495,2964
17,422,2964
97,1256,2964
21,1666,2964
2,1197,2964
9,2340,2964
31,2148,2964
25,1573,2907
35,359,2907
66,1086,2907
49,1144,2907
17,1570,2907
3,1588,2907
21,798,2907
3,1569,2907
28,1732,2907
106,1170,2907
108,431,2907
19,1988,2907
3,591,2907
15,1012,2907
11,165,2907
3,446,2907
21,2171,2907
89,1244,2907
75,2286,2907
89,217,2907
44,1440,2907
17,1429,2907
25,584,2907
83,2177,2907
6,1112,2907
45,117,2907
17,42,2850
31,2275,2850
17,19,2850
37,1857,2850
23,1095,2850
6,358,2850
66,1204,2850
7,2170,2850
16,1723,2850
27,587,2850
17,875,2850
27,1421,2850
35,147,2850
58,427,2850
17,589,2850
21,1527,2850
37,2259,2793
35,1151,2793
56,294,2793
17,694,2793
41,1164,2793
23,1567,2793
89,1309,2793
36,2022,2793
27,636,2793
21,391,2793
41,1660,2793
4,813,2793
5,1543,2793
58,1910,2793
15,1294,2793
21,840,2793
71,570,2793
13,465,2793
9,1313,2793
13,671,2736
28,2131,2736
120,887,2736
29,318,2736
18,1448,2736
19,2014,2736
3,1329,2736
59,1160,2736
20,698,2736
12,853,2736
37,1328,2736
5,316,2736
28,827,2736
21,1111,2736
23,77,2736
54,1772,2736
83,737,2736
45,378,2736
45,744,2736
17,1375,2736
31,308,2679
69,2078,2679
27,816,2679
5,2152,2679
43,152,2679
23,213,2679
69,135,2679
38,1950,2679
66,1425,2679
44,2183,2679
66,707,2679
27,1474,2679
45,102,2679
4,2093,2679
6,1139,2679
46,78,2679
21,2223,2679
6,1250,2679
12,685,2679
31,1724,2679
59,951,2679
59,1028,2679
31,258,2679
19,2033,2679
3,1137,2679
17,1384,2679
17,754,2679
18,112,2679
9,994,2679
5,1837,2679
44,975,2679
17,1280,2622
87,1308,2622
8,278,2622
10,10,2622
17,791,2622
25,1000,2622
21,1831,2622
12,484,2622
4,803,2622
44,1358,2622
27,39,2622
27,1040,2622
53,90,2622
13,1532,2622
34,1743,2622
44,2034,2622
17,356,2622
31,2300,2622
91,651,2622
6,407,2622
21,758,2622
59,645,2622
30,506,2622
2,1712,2622
27,1925,2622
31,1089,2622
59,1138,2622
4,1126,2622
3,1758,2622
37,2010,2565
13,1612,2565
24,1356,2565
23,624,2565
71,884,2565
26,322,2565
44,2240,2565
27,661,2565
27,2354,2565
41,1646,2565
31,1065,2565
3,1397,2565
3,928,2565
2,1269,2565
28,1233,2565
13,405,2508
48,82,2508
27,1955,2508
18,1426,2508
27,984,2508
65,1017,2508
3,777,2508
26,80,2508
37,1959,2508
3,1805,2508
56,774,2508
45,67,2508
9,2256,2508
23,1059,2508
27,544,2508
29,814,2508
2,1434,2508
4,1194,2508
39,510,2508
27,169,2508
3,1354,2508
13,1445,2451
2,809,2451
13,1555,2451
4,1296,2451
4,903,2451
18,964,2451
47,1507,2451
37,897,2451
12,1184,2451
31,2239,2451
25,971,2451
12,1574,2451
24,2090,2451
17,445,2451
21,314,2451
43,69,2451
17,961,2451
43,352,2451
27,2091,2451
46,246,2451
63,1802,2451
8,1557,2451
5,150,2394
17,1335,2394
17,882,2394
17,801,2394
25,28,2394
9,876,2394
27,185,2394
17,657,2394
46,2262,2394
69,1051,2394
17,473,2394
13,682,2394
5,563,2394
17,129,2394
28,31,2394
16,784,2394
37,1263,2394
31,2331,2394
5,44,2394
12,663,2394
20,1694,2337
8,2059,2337
31,2273,2337
17,656,2337
4,164,2337
6,6,2337
26,1943,2337
17,1167,2337
17,100,2337
89,578,2337
3,692,2337
35,478,2337
17,1352,2337
17,474,2337
4,92,2337
23,2353,2337
59,125,2337
27,283,2337
27,122,2337
5,2142,2337
17,885,2337
4,377,2337
37,881,2337
13,687,2337
46,998,2337
27,72,2337
112,1603,2337
46,2058,2280
5,852,2280
28,751,2280
37,755,2280
13,1046,2280
23,1099,2280
44,521,2280
57,1299,2280
3,1860,2280
46,257,2280
15,154,2280
57,1210,2280
5,385,2280
23,1444,2280
3,702,2280
58,2138,2280
18,321,2280
13,460,2280
3,1909,2223
30,957,2223
34,1778,2223
7,2385,2223
2,877,2223
44,466,2223
21,247,2223
42,62,2223
17,1121,2223
27,826,2223
13,958,2223
17,1347,2223
13,1013,2166
13,976,2166
13,952,2166
43,63,2166
23,220,2166
17,400,2166
23,227,2166
27,1727,2166
13,381,2166
23,1993,2166
56,652,2166
31,1061,2166
31,1523,2166
27,1476,2166
27,2001,2109
18,1498,2109
13,442,2109
2,1025,2109
24,397,2109
18,182,2109
21,2280,2109
28,2293,2109
126,1180,2109
9,1661,2109
2,453,2052
8,353,2052
13,107,2052
8,650,2052
5,174,2052
12,1338,2052
17,987,2052
3,1915,2052
2,1858,2052
25,1261,2052
2,481,2052
6,2197,2052
19,1558,2052
13,370,2052
27,354,1995
13,416,1995
31,2079,1995
3,868,1995
13,1614,1995
15,242,1995
27,168,1995
24,395,1995
6,190,1995
13,303,1995
13,14,1995
27,1246,1995
13,835,1995
57,869,1995
3,2260,1995
31,1787,1995
5,1582,1938
5,577,1938
37,54,1938
51,566,1938
21,1135,1938
27,1133,1938
54,1243,1938
2,2178,1938
24,2384,1938
31,1856,1938
17,1488,1938
27,1536,1938
13,1601,1938
37,767,1938
27,1939,1938
28,2360,1938
27,1026,1938
20,1366,1881
31,1621,1881
3,2132,1881
24,1148,1881
13,450,1881
16,995,1881
38,53,1881
24,1043,1881
46,70,1881
27,30,1881
9,548,1881
29,229,1881
9,313,1881
35,2365,1881
28,1287,1881
24,27,1824
13,441,1824
19,1011,1824
27,443,1824
24,50,1824
7,1541,1824
37,2209,1824
6,1722,1824
13,778,1824
15,810,1824
12,357,1824
13,1304,1824
3,1585,1824
28,879,1824
27,1713,1767
7,643,1767
6,2129,1767
6,921,1767
8,906,1767
5,1290,1767
5,1132,1767
37,479,1767
3,2341,1767
3,1938,1767
59,970,1767
3,1739,1767
30,2166,1767
30,1496,1767
30,1377,1767
30,33,1767
28,1483,1767
13,1486,1710
37,1334,1710
31,739,1710
30,653,1710
59,1157,1710
18,1622,1710
4,1255,1710
28,1364,1710
2,873,1710
28,432,1710
8,2137,1710
27,99,1653
16,1279,1653
18,1212,1653
3,1890,1653
30,55,1653
44,85,1653
27,1424,1653
43,286,1653
8,911,1653
4,2351,1653
8,625,1596
5,528,1596
13,1155,1596
29,346,1596
2,1395,1596
59,265,1596
30,155,1596
30,386,1596
30,575,1596
30,605,1596
23,2175,1596
12,1522,1596
30,1371,1596
3,1049,1596
30,2075,1596
6,2191,1596
31,2318,1539
24,2113,1539
27,1109,1539
28,415,1539
23,691,1539
4,886,1539
2,413,1539
3,1704,1539
5,896,1539
27,2288,1539
1,740,1539
6,1487,1539
4,1422,1539
59,640,1539
3,667,1482
21,56,1482
54,310,1482
5,725,1482
5,344,1482
59,216,1482
5,1343,1482
24,730,1482
13,342,1482
56,382,1482
40,1321,1482
58,503,1482
27,1211,1482
22,1933,1482
4,1866,1482
4,2147,1482
35,1471,1425
35,734,1425
21,559,1425
19,36,1425
12,1533,1425
27,1413,1425
31,1119,1425
23,1923,1425
6,1638,1425
10,1846,1425
27,1833,1425
29,1027,1425
44,166,1425
27,2004,1425
19,1191,1425
6,127,1425
28,1142,1425
1,664,1425
58,902,1425
27,350,1368
30,2122,1368
50,86,1368
35,2228,1368
33,38,1368
56,986,1368
25,2162,1368
6,1505,1368
13,750,1368
3,1492,1368
19,706,1368
30,1418,1368
37,1741,1311
24,1467,1311
5,279,1311
2,1957,1311
7,1252,1311
57,1057,1311
21,858,1311
57,181,1311
2,458,1311
37,1716,1311
41,60,1254
30,1814,1254
30,1295,1254
5,1893,1254
5,108,1254
7,57,1254
5,1944,1254
37,1285,1254
5,2067,1254
30,1740,1254
5,1528,1197
30,2070,1197
5,773,1197
23,2012,1197
5,1064,1197
5,1165,1197
24,1760,1197
5,1385,1197
37,1188,1197
5,1711,1197
57,1092,1197
2,1529,1197
5,1874,1197
44,284,1197
54,527,1197
3,2375,1197
21,1895,1197
14,580,1197
33,192,1140
5,1162,1140
12,1100,1140
28,199,1140
9,529,1140
5,519,1140
33,1107,1140
5,630,1140
5,866,1140
15,1381,1140
57,956,1140
30,383,1140
19,1493,1083
29,264,1083
5,200,1083
9,2145,1083
58,1241,1083
9,1948,1083
9,2069,1083
41,390,1026
40,1450,1026
33,379,1026
15,1537,1026
15,83,1026
5,918,1026
29,1399,1026
42,272,969
9,1067,969
43,110,969
23,638,969
22,532,969
23,1721,969
29,2085,969
19,71,969
35,2107,969
10,114,969
23,2218,969
24,1770,969
19,695,969
5,1231,969
39,1822,969
2,1249,969
33,843,912
15,965,912
29,130,912
35,981,912
28,184,912
37,163,912
19,1035,912
6,13,912
3,1265,912
3,1964,855
11,660,855
44,73,855
31,180,855
59,856,855
12,88,855
9,41,855
57,97,855
57,369,855
35,171,855
60,281,855
19,326,855
35,1834,798
19,75,798
30,1200,798
10,362,741
